-- phpMyAdmin SQL Dump
-- version 4.5.4.1deb2ubuntu2.1
-- http://www.phpmyadmin.net
--
-- Host: localhost
-- Generation Time: 09 Okt 2019 pada 15.35
-- Versi Server: 5.7.24-0ubuntu0.16.04.1
-- PHP Version: 5.6.38-3+ubuntu16.04.1+deb.sury.org+1

SET SQL_MODE = "NO_AUTO_VALUE_ON_ZERO";
SET time_zone = "+00:00";


/*!40101 SET @OLD_CHARACTER_SET_CLIENT=@@CHARACTER_SET_CLIENT */;
/*!40101 SET @OLD_CHARACTER_SET_RESULTS=@@CHARACTER_SET_RESULTS */;
/*!40101 SET @OLD_COLLATION_CONNECTION=@@COLLATION_CONNECTION */;
/*!40101 SET NAMES utf8mb4 */;

--
-- Database: `surveykioska`
--

-- --------------------------------------------------------

--
-- Struktur dari tabel `kategori`
--

CREATE TABLE `kategori` (
  `id_kategori` int(11) NOT NULL,
  `kategori` varchar(25) NOT NULL
) ENGINE=InnoDB DEFAULT CHARSET=utf8;

--
-- Dumping data untuk tabel `kategori`
--

INSERT INTO `kategori` (`id_kategori`, `kategori`) VALUES
(2, 'fasilitas'),
(4, 'kioska navigasi'),
(5, 'navigasi ar'),
(3, 'peminjaman'),
(10, 'singkat'),
(1, 'umum'),
(6, 'vr tour');

-- --------------------------------------------------------

--
-- Struktur dari tabel `pertanyaan`
--

CREATE TABLE `pertanyaan` (
  `id_pertanyaan` int(11) NOT NULL,
  `id_survey` int(11) NOT NULL,
  `q1` int(11) DEFAULT NULL,
  `q2` int(11) DEFAULT NULL,
  `q3` int(11) DEFAULT NULL,
  `q4` int(11) DEFAULT NULL,
  `q5` int(11) DEFAULT NULL,
  `q6` int(11) DEFAULT NULL,
  `q7` int(11) DEFAULT NULL,
  `q8` int(11) DEFAULT NULL,
  `q9` int(11) DEFAULT NULL,
  `q10` int(11) DEFAULT NULL
) ENGINE=InnoDB DEFAULT CHARSET=utf8;

--
-- Dumping data untuk tabel `pertanyaan`
--

INSERT INTO `pertanyaan` (`id_pertanyaan`, `id_survey`, `q1`, `q2`, `q3`, `q4`, `q5`, `q6`, `q7`, `q8`, `q9`, `q10`) VALUES
(60, 60, 25, 25, 25, 25, 25, 25, 25, 25, 25, 25),
(66, 66, 100, 75, 75, 0, 100, 75, 100, 100, 75, 25),
(67, 67, 100, 25, 100, 25, 75, 75, 75, 25, 100, 25),
(68, 68, 25, 75, 75, 0, 100, 100, 100, 25, 100, 0),
(69, 69, 75, 75, 100, 75, 75, 75, 75, 75, 100, 75),
(70, 70, 75, 75, 75, 75, 100, 75, 100, 75, 100, 75),
(71, 71, 75, 75, 100, 75, 100, 75, 100, 75, 100, 75),
(72, 72, 100, 25, 75, 25, 100, 100, 100, 100, 100, 100),
(73, 73, 100, 100, 75, 100, 75, 100, 75, 100, 100, 100),
(74, 74, 75, 100, 75, 100, 100, 100, 75, 100, 100, 100),
(75, 75, 75, 100, 75, 75, 75, 75, 100, 75, 75, 100),
(76, 76, 75, 75, 75, 100, 75, 100, 75, 75, 75, 75),
(77, 77, 100, 75, 100, 75, 100, 75, 100, 25, 75, 75),
(78, 78, 75, 100, 100, 75, 100, 75, 100, 75, 100, 75),
(79, 79, 100, 100, 100, 75, 100, 75, 100, 75, 100, 75),
(80, 80, 75, 75, 100, 75, 100, 75, 100, 75, 100, 100),
(81, 81, 100, 75, 100, 75, 100, 75, 100, 75, 100, 75),
(82, 82, 100, 75, 100, 75, 100, 75, 100, 75, 100, 75),
(83, 83, 100, 75, 100, 75, 100, 75, 100, 75, 100, 75),
(84, 84, 75, 75, 75, 100, 100, 75, 75, 50, 0, 0),
(85, 85, 75, 75, 100, 100, 100, 75, 75, 75, 100, 75),
(86, 86, 100, 100, 100, 75, 75, 75, 50, 0, 0, 0),
(87, 87, 100, 0, 100, 75, 100, 100, 100, 100, 75, 25),
(88, 88, 100, 100, 100, 75, 100, 100, 100, 100, 100, 75),
(89, 89, 25, 75, 25, 25, 100, 100, 75, 75, 75, 0),
(90, 90, 100, 75, 100, 25, 100, 100, 100, 100, 75, 25),
(91, 91, 100, 100, 100, 75, 100, 75, 100, 100, 100, 100),
(92, 92, 25, 25, 100, 75, 100, 75, 100, 75, 100, 25),
(93, 93, 100, 100, 100, 100, 100, 100, 100, 100, 100, 100),
(94, 94, 100, 100, 100, 100, 100, 100, 100, 100, 100, 100),
(95, 95, 100, 100, 100, 100, 100, 100, 100, 100, 100, 100),
(96, 96, 100, 100, 100, 100, 100, 100, 100, 100, 100, 100),
(97, 97, 100, 100, 100, 100, 100, 100, 100, 100, 100, 100),
(98, 98, 100, 100, 100, 100, 100, 100, 100, 100, 100, 100),
(99, 99, 75, 25, 75, 75, 75, 75, 100, 25, 75, 25),
(100, 100, 75, 25, 100, 25, 75, 25, 100, 25, 75, 25),
(101, 101, 75, 25, 75, 75, 75, 25, 100, 25, 75, 25),
(102, 102, 100, 0, 100, 0, 100, 0, 100, 0, 100, 0),
(103, 103, 100, 0, 100, 0, 100, 0, 100, 0, 100, 0),
(104, 104, 100, 0, 100, 0, 100, 0, 100, 0, 100, 0),
(105, 105, 0, 25, 25, 0, 100, 75, 75, 25, 75, 0),
(106, 106, 100, 75, 75, 0, 100, 25, 75, 0, 100, 0),
(107, 107, 100, 25, 100, 25, 100, 75, 100, 25, 100, 25),
(108, 108, 100, 25, 100, 25, 100, 75, 75, 25, 100, 25),
(109, 109, 100, 25, 75, 25, 100, 25, 100, 25, 100, 0),
(110, 110, 50, 50, 50, 50, 50, 50, 50, 50, 50, 50),
(111, 111, 100, 100, 100, 100, 100, 100, 100, 100, 100, 100),
(115, 115, 100, 25, 100, 0, 75, 0, 75, 0, 75, 0),
(116, 116, 75, 75, 75, 75, 75, 75, 75, 75, 75, 75),
(117, 117, 75, 75, 75, 75, 75, 75, 75, 75, 75, 75),
(118, 118, 100, 50, 100, 0, 100, 25, 100, 0, 100, 0),
(119, 119, 100, 50, 100, 0, 75, 0, 50, 0, 100, 0),
(120, 120, 75, 25, 75, 25, 75, 25, 75, 25, 75, 25),
(121, 121, 75, 75, 75, 75, 75, 75, 75, 75, 75, 75),
(122, 122, 75, 75, 75, 75, 75, 75, 75, 75, 75, 75),
(123, 124, 100, 100, 100, 100, 100, 100, 100, 100, 100, 100),
(124, 123, 100, 100, 100, 100, 100, 100, 100, 100, 100, 100),
(125, 125, 100, 75, 75, 25, 25, 0, 75, 0, 75, 75),
(126, 126, 100, 0, 75, 25, 75, 0, 75, 25, 75, 25),
(127, 127, 100, 0, 100, 25, 75, 25, 100, 0, 75, 0),
(128, 128, 100, 0, 100, 25, 100, 25, 75, 75, 75, 25),
(129, 129, 100, 100, 100, 100, 100, 100, 100, 100, 100, 100),
(130, 130, 100, 100, 100, 100, 100, 100, 100, 100, 100, 100),
(131, 131, 25, 25, 25, 25, 25, 25, 25, 25, 25, 25),
(132, 132, 25, 25, 25, 25, 25, 25, 25, 25, 25, 25),
(133, 133, 25, 25, 25, 25, 25, 25, 25, 25, 25, 25),
(134, 134, 25, 25, 25, 25, 25, 25, 25, 25, 25, 25),
(135, 135, 75, 75, 75, 75, 75, 75, 75, 75, 75, 75),
(136, 136, 75, 75, 75, 75, 75, 75, 75, 75, 75, 75),
(137, 137, 100, 25, 25, 75, 25, 75, 75, 75, 75, 25),
(138, 138, 75, 75, 75, 75, 75, 75, 75, 75, 75, 75),
(139, 139, 75, 75, 75, 75, 75, 75, 75, 75, 75, 75),
(140, 140, 75, 75, 75, 75, 75, 75, 75, 75, 75, 75),
(141, 141, 75, 75, 75, 75, 75, 75, 75, 75, 75, 75),
(142, 142, 25, 75, 25, 0, 75, 0, 75, 75, 0, 100),
(143, 143, 75, 100, 75, 75, 0, 25, 25, 75, 75, 25),
(144, 144, 100, 0, 100, 0, 100, 0, 100, 0, 100, 0),
(145, 145, 100, 0, 100, 0, 100, 0, 100, 0, 100, 0),
(146, 146, 100, 0, 100, 0, 100, 0, 100, 0, 100, 0),
(147, 147, 100, 100, 100, 100, 100, 100, 100, 100, 100, 100),
(148, 148, 100, 100, 100, 100, 100, 100, 100, 100, 100, 100),
(149, 149, 75, 75, 75, 75, 75, 75, 75, 75, 75, 75),
(150, 150, 75, 75, 75, 75, 75, 75, 75, 75, 75, 75),
(151, 151, 25, 25, 25, 25, 25, 25, 25, 25, 25, 25),
(152, 152, 25, 25, 25, 25, 25, 25, 25, 25, 25, 25),
(153, 153, 0, 0, 0, 0, 0, 0, 0, 0, 0, 0),
(154, 154, 0, 0, 0, 0, 0, 0, 0, 0, 0, 0),
(155, 155, 100, 100, 100, 100, 100, 100, 100, 100, 100, 100),
(156, 156, 100, 100, 100, 100, 100, 100, 100, 100, 100, 100),
(157, 157, 100, 0, 100, 0, 100, 0, 100, 0, 100, 0),
(158, 158, 75, 25, 100, 25, 100, 25, 25, 75, 75, 75),
(159, 159, 0, 0, 75, 75, 100, 25, 75, 0, 75, 0),
(160, 160, 75, 25, 75, 0, 100, 75, 25, 75, 25, 0),
(161, 162, 100, 100, 100, 100, 100, 100, 100, 100, 100, 100),
(162, 161, 100, 100, 100, 100, 100, 100, 100, 100, 100, 100),
(163, 163, 25, 25, 25, 25, 25, 25, 25, 25, 25, 25),
(164, 164, 25, 25, 25, 25, 25, 25, 25, 25, 25, 25),
(165, 165, 75, 75, 75, 75, 75, 75, 75, 75, 75, 75),
(166, 166, 75, 75, 75, 75, 75, 75, 75, 75, 75, 75),
(167, 167, 100, 50, 50, 50, 50, 50, 50, 50, 50, 50),
(168, 168, 50, 50, 100, 50, 50, 50, 50, 50, 50, 50),
(169, 169, 50, 50, 50, 50, 100, 50, 50, 50, 50, 50),
(170, 170, 100, 100, 100, 100, 100, 100, 100, 100, 100, 100),
(171, 171, 100, 100, 100, 100, 100, 100, 100, 100, 100, 100),
(172, 172, 100, 100, 100, 100, 100, 100, 100, 100, 100, 100),
(173, 173, 100, 100, 100, 100, 100, 100, 100, 100, 100, 100),
(174, 174, 100, 0, 50, 50, 50, 25, 75, 50, 50, 50),
(175, 175, 100, 75, 100, 75, 75, 100, 100, 25, 100, 0),
(176, 176, 100, 100, 100, 100, 100, 100, 100, 100, 100, 100),
(177, 177, 100, 100, 100, 100, 100, 100, 100, 100, 100, 100),
(178, 178, 100, 100, 100, 100, 100, 100, 100, 100, 100, 100),
(179, 179, 100, 100, 100, 100, 100, 100, 100, 100, 100, 100),
(180, 180, 100, 100, 100, 100, 100, 100, 100, 100, 100, 100),
(181, 181, 100, 100, 100, 100, 100, 100, 100, 100, 100, 100),
(182, 182, 100, 100, 100, 100, 100, 100, 100, 100, 100, 100),
(183, 183, 100, 100, 100, 100, 100, 100, 100, 100, 100, 100),
(184, 184, 100, 100, 100, 100, 100, 100, 100, 100, 100, 100),
(185, 185, 100, 100, 100, 100, 100, 100, 100, 100, 100, 100),
(186, 186, 100, 100, 100, 100, 100, 100, 100, 100, 100, 100),
(187, 187, 100, 100, 100, 100, 100, 100, 100, 100, 100, 100),
(188, 188, 75, 75, 75, 75, 75, 75, 75, 75, 75, 75),
(189, 189, 75, 75, 75, 75, 75, 75, 75, 75, 75, 75),
(190, 190, 100, 100, 100, 100, 100, 100, 100, 100, 100, 100),
(191, 191, 100, 100, 100, 100, 100, 100, 100, 100, 100, 100),
(192, 192, 75, 75, 75, 75, 75, 75, 75, 75, 75, 75),
(193, 193, 75, 75, 75, 75, 75, 75, 75, 75, 75, 75),
(194, 194, 75, 75, 100, 100, 75, 100, 100, 100, 75, 0),
(195, 195, 0, 0, 100, 25, 100, 0, 100, 0, 100, 25),
(196, 196, 75, 100, 100, 100, 100, 100, 100, 100, 100, 0),
(197, 197, 100, 100, 100, 0, 100, 0, 100, 0, 100, 0),
(198, 198, 0, 0, 0, 0, 0, 0, 0, 0, 0, 0),
(199, 199, 0, 0, 0, 0, 0, 0, 0, 0, 0, 0),
(200, 200, 100, 100, 100, 100, 100, 100, 100, 100, 100, 100),
(201, 201, 100, 100, 100, 100, 100, 100, 100, 100, 100, 100),
(202, 202, 100, 25, 100, 75, 100, 25, 75, 25, 75, 25),
(203, 203, 100, 100, 100, 100, 100, 100, 100, 100, 100, 100),
(204, 204, 100, 100, 100, 100, 100, 100, 100, 100, 100, 100),
(205, 205, 100, 75, 100, 25, 100, 75, 100, 25, 100, 0),
(206, 206, 0, 0, 0, 0, 0, 0, 0, 0, 0, 0),
(207, 207, 0, 0, 0, 0, 0, 0, 0, 0, 0, 0),
(208, 208, 0, 0, 0, 0, 0, 0, 0, 0, 0, 0),
(209, 209, 0, 0, 0, 0, 0, 0, 0, 0, 0, 0),
(210, 211, 0, 0, 0, 0, 0, 0, 0, 0, 0, 0),
(211, 210, 0, 0, 0, 0, 0, 0, 0, 0, 0, 0),
(212, 212, 25, 25, 25, 25, 25, 25, 25, 25, 25, 25),
(213, 213, 25, 25, 25, 25, 25, 25, 25, 25, 25, 25),
(214, 214, 25, 25, 25, 25, 25, 25, 25, 25, 25, 25),
(215, 215, 25, 25, 25, 25, 25, 25, 25, 25, 25, 25),
(216, 216, 75, 75, 75, 75, 75, 75, 75, 75, 75, 75),
(217, 217, 75, 75, 75, 75, 75, 75, 75, 75, 75, 75),
(218, 218, 75, 75, 75, 75, 75, 75, 75, 75, 75, 75),
(219, 219, 75, 75, 75, 75, 75, 75, 75, 75, 75, 75),
(220, 220, 100, 100, 100, 100, 100, 100, 100, 100, 100, 100),
(221, 221, 100, 100, 100, 100, 100, 100, 100, 100, 100, 100),
(222, 222, 75, 75, 75, 75, 75, 75, 75, 75, 75, 75),
(223, 223, 75, 75, 75, 75, 75, 75, 75, 75, 75, 75),
(224, 224, 25, 25, 25, 25, 25, 25, 25, 25, 25, 25),
(225, 225, 25, 25, 25, 25, 25, 25, 25, 25, 25, 25),
(226, 226, 75, 75, 75, 75, 75, 75, 75, 75, 75, 75),
(227, 227, 75, 75, 75, 75, 75, 75, 75, 75, 75, 75),
(228, 228, 100, 100, 100, 100, 100, 100, 100, 100, 100, 100),
(229, 229, 100, 100, 100, 100, 100, 100, 100, 100, 100, 100),
(230, 230, 75, 75, 75, 75, 75, 75, 75, 75, 75, 75),
(231, 231, 75, 75, 75, 75, 75, 75, 75, 75, 75, 75),
(232, 232, 25, 25, 25, 25, 25, 25, 25, 25, 25, 25),
(233, 233, 25, 25, 25, 25, 25, 25, 25, 25, 25, 25),
(234, 234, 75, 75, 75, 75, 75, 75, 75, 75, 75, 75),
(235, 235, 75, 75, 75, 75, 75, 75, 75, 75, 75, 75),
(236, 236, 100, 100, 100, 100, 100, 100, 100, 100, 100, 100),
(237, 237, 100, 100, 100, 100, 100, 100, 100, 100, 100, 100),
(238, 238, 75, 75, 75, 75, 75, 75, 75, 75, 75, 75),
(239, 239, 75, 75, 75, 75, 75, 75, 75, 75, 75, 75),
(240, 240, 25, 25, 25, 25, 25, 25, 25, 25, 25, 25),
(241, 241, 25, 25, 25, 25, 25, 25, 25, 25, 25, 25),
(242, 242, 75, 75, 75, 75, 75, 75, 75, 75, 75, 75),
(243, 243, 75, 75, 75, 75, 75, 75, 75, 75, 75, 75),
(244, 244, 100, 0, 100, 25, 25, 0, 75, 25, 75, 100),
(245, 245, 100, 100, 100, 100, 100, 100, 100, 100, 100, 100),
(246, 246, 100, 100, 100, 100, 100, 100, 100, 100, 100, 100),
(247, 247, 100, 25, 75, 25, 75, 25, 75, 25, 75, 0),
(248, 248, 25, 25, 25, 25, 25, 25, 25, 25, 25, 25),
(249, 249, 25, 25, 25, 25, 25, 25, 25, 25, 25, 25),
(250, 250, 25, 25, 25, 25, 25, 25, 25, 25, 25, 25),
(251, 251, 25, 25, 25, 25, 25, 25, 25, 25, 25, 25),
(252, 252, 25, 25, 25, 25, 25, 25, 25, 25, 25, 25),
(253, 253, 25, 25, 25, 25, 25, 25, 25, 25, 25, 25),
(254, 254, 25, 25, 25, 25, 25, 25, 25, 25, 25, 25),
(255, 255, 25, 25, 25, 25, 25, 25, 25, 25, 25, 25),
(256, 256, 25, 25, 25, 25, 25, 25, 25, 25, 25, 25),
(257, 257, 25, 25, 25, 25, 25, 25, 25, 25, 25, 25),
(258, 258, 25, 25, 25, 25, 25, 25, 25, 25, 25, 25),
(259, 259, 75, 75, 75, 75, 75, 75, 75, 75, 75, 75),
(260, 260, 75, 75, 75, 75, 75, 75, 75, 75, 75, 75),
(261, 261, 25, 25, 25, 25, 25, 25, 25, 25, 25, 25),
(262, 262, 100, 100, 100, 100, 100, 100, 100, 100, 100, 100),
(263, 263, 100, 100, 100, 100, 100, 100, 100, 100, 100, 100),
(264, 264, 100, 0, 50, 0, 100, 0, 100, 0, 100, 0),
(265, 265, 0, 0, 0, 0, 0, 0, 0, 0, 0, 0),
(266, 266, 75, 0, 100, 75, 25, 0, 100, 25, 100, 25),
(267, 267, 50, 50, 50, 50, 50, 50, 50, 50, 50, 50),
(268, 268, 100, 100, 100, 100, 100, 100, 100, 100, 100, 100),
(269, 269, 50, 50, 75, 0, 75, 50, 50, 50, 50, 50),
(270, 270, 50, 50, 50, 50, 50, 50, 50, 50, 50, 50),
(271, 271, 75, 75, 75, 75, 75, 75, 75, 75, 75, 75),
(272, 272, 75, 75, 75, 75, 75, 75, 75, 75, 75, 75),
(273, 273, 75, 75, 75, 75, 75, 75, 75, 75, 75, 75),
(274, 274, 75, 75, 75, 75, 75, 75, 75, 75, 75, 75),
(275, 275, 100, 100, 100, 100, 100, 100, 100, 100, 100, 100),
(276, 276, 100, 100, 100, 100, 100, 100, 100, 100, 100, 100),
(277, 277, 100, 100, 100, 100, 100, 100, 100, 100, 100, 100),
(278, 278, 100, 100, 100, 100, 100, 100, 100, 100, 100, 100),
(279, 279, 75, 75, 75, 75, 75, 75, 75, 75, 75, 75),
(280, 280, 75, 75, 75, 75, 75, 75, 75, 75, 75, 75),
(281, 281, 75, 75, 75, 75, 75, 75, 75, 75, 75, 75),
(282, 282, 75, 75, 75, 75, 75, 75, 75, 75, 75, 75),
(283, 283, 100, 100, 100, 100, 100, 100, 100, 100, 100, 100),
(284, 284, 100, 100, 100, 100, 100, 100, 100, 100, 100, 100),
(285, 285, 25, 25, 25, 25, 25, 25, 25, 25, 25, 25),
(286, 286, 25, 25, 25, 25, 25, 25, 25, 25, 25, 25),
(287, 287, 25, 25, 25, 25, 25, 25, 25, 25, 25, 25),
(288, 288, 25, 25, 25, 25, 25, 25, 25, 25, 25, 25),
(289, 289, 75, 75, 75, 75, 75, 75, 75, 75, 75, 75),
(290, 290, 0, 0, 0, 0, 0, 0, 0, 0, 0, 0),
(291, 291, 0, 0, 0, 0, 0, 0, 0, 0, 0, 0),
(292, 293, 100, 100, 100, 100, 100, 100, 100, 100, 100, 100),
(293, 292, 100, 100, 100, 100, 100, 100, 100, 100, 100, 100),
(294, 294, 100, 100, 100, 100, 100, 100, 100, 100, 100, 100),
(295, 295, 100, 100, 100, 100, 100, 100, 100, 100, 100, 100),
(296, 296, 100, 100, 100, 100, 100, 100, 100, 100, 100, 100),
(297, 297, 100, 100, 100, 100, 100, 100, 100, 100, 100, 100),
(298, 298, 75, 75, 75, 75, 75, 75, 75, 75, 75, 75),
(299, 299, 75, 75, 75, 75, 75, 75, 75, 75, 75, 75),
(300, 300, 25, 25, 25, 25, 25, 25, 25, 25, 25, 25),
(301, 301, 25, 25, 25, 25, 25, 25, 25, 25, 25, 25),
(302, 302, 75, 75, 75, 75, 75, 75, 75, 75, 75, 75),
(303, 303, 75, 75, 75, 75, 75, 75, 75, 75, 75, 75),
(304, 304, 100, 100, 100, 100, 100, 100, 100, 100, 100, 100),
(305, 305, 100, 100, 100, 100, 100, 100, 100, 100, 100, 100),
(306, 306, 100, 100, 100, 100, 100, 100, 100, 100, 100, 100),
(307, 307, 100, 100, 100, 100, 100, 100, 100, 100, 100, 100),
(308, 308, 100, 100, 100, 100, 100, 100, 100, 100, 100, 100),
(309, 309, 100, 100, 100, 100, 100, 100, 100, 100, 100, 100),
(310, 310, 100, 100, 100, 100, 100, 100, 100, 100, 100, 100),
(311, 311, 100, 100, 100, 100, 100, 100, 100, 100, 100, 100),
(312, 312, 100, 100, 100, 100, 100, 100, 100, 100, 100, 100),
(313, 313, 100, 100, 100, 100, 100, 100, 100, 100, 100, 100),
(314, 314, 75, 75, 75, 75, 75, 75, 75, 75, 75, 75),
(315, 315, 75, 75, 75, 75, 75, 75, 75, 75, 75, 75),
(316, 316, 100, 100, 100, 100, 100, 100, 100, 100, 100, 100),
(317, 317, 100, 100, 100, 100, 100, 100, 100, 100, 100, 100),
(318, 318, 100, 100, 100, 100, 100, 100, 100, 100, 100, 100),
(319, 319, 100, 100, 100, 100, 100, 100, 100, 100, 100, 100),
(320, 320, 100, 100, 100, 100, 100, 100, 100, 100, 100, 100),
(321, 321, 75, 75, 75, 75, 75, 75, 75, 75, 75, 75),
(322, 322, 75, 75, 75, 75, 75, 75, 75, 75, 75, 75),
(323, 324, 100, 100, 100, 100, 100, 100, 100, 100, 100, 100),
(324, 323, 100, 100, 100, 100, 100, 100, 100, 100, 100, 100),
(325, 325, 0, 0, 0, 0, 0, 0, 0, 0, 0, 0),
(326, 326, 0, 0, 0, 0, 0, 0, 0, 0, 0, 0),
(327, 327, 100, 100, 100, 100, 100, 100, 100, 100, 100, 100),
(328, 328, 75, 75, 75, 75, 75, 75, 75, 75, 75, 75),
(329, 329, 75, 75, 75, 75, 75, 75, 75, 75, 75, 75),
(330, 330, 25, 25, 25, 25, 25, 25, 25, 25, 25, 25),
(331, 331, 0, 0, 0, 0, 0, 0, 0, 0, 0, 0),
(332, 332, 100, 100, 100, 100, 100, 100, 100, 100, 100, 100),
(333, 333, 100, 100, 100, 100, 100, 100, 100, 100, 100, 100),
(334, 334, 100, 100, 100, 100, 100, 100, 100, 100, 100, 100),
(335, 335, 100, 100, 100, 100, 100, 100, 100, 100, 100, 100),
(336, 336, 100, 100, 100, 100, 100, 100, 100, 100, 100, 100),
(337, 337, 100, 100, 100, 100, 100, 100, 100, 100, 100, 100),
(338, 338, 100, 100, 100, 100, 100, 100, 100, 100, 100, 100),
(339, 339, 100, 100, 100, 100, 100, 100, 100, 100, 100, 100),
(340, 340, 100, 100, 100, 100, 100, 100, 100, 100, 100, 100),
(341, 341, 100, 100, 100, 100, 100, 100, 100, 100, 100, 100),
(342, 342, 100, 100, 100, 100, 100, 100, 100, 100, 100, 100),
(343, 344, 100, 100, 100, 100, 100, 100, 100, 100, 100, 100),
(344, 343, 100, 100, 100, 100, 100, 100, 100, 100, 100, 100),
(345, 345, 100, 100, 100, 100, 100, 100, 100, 100, 100, 100),
(346, 346, 25, 25, 25, 25, 25, 25, 25, 25, 25, 25),
(347, 347, 25, 25, 25, 25, 25, 25, 25, 25, 25, 25),
(348, 348, 100, 100, 100, 100, 100, 100, 100, 100, 100, 100),
(349, 349, 100, 100, 100, 100, 100, 100, 100, 100, 100, 100),
(350, 350, 0, 0, 0, 0, 0, 0, 0, 0, 0, 0),
(351, 351, 0, 0, 0, 0, 0, 0, 0, 0, 0, 0),
(352, 352, 0, 0, 0, 0, 0, 0, 0, 0, 0, 0),
(353, 353, 0, 0, 0, 0, 0, 0, 0, 0, 0, 0),
(354, 354, 0, 0, 0, 0, 0, 0, 0, 0, 0, 0),
(355, 355, 100, 100, 100, 100, 100, 100, 100, 100, 100, 100),
(356, 356, 100, 100, 100, 100, 100, 100, 100, 100, 100, 100),
(357, 357, 100, 100, 100, 100, 100, 100, 100, 100, 100, 100),
(358, 358, 100, 100, 100, 100, 100, 100, 100, 100, 100, 100),
(359, 359, 100, 100, 100, 100, 100, 100, 100, 100, 100, 100),
(360, 360, 100, 100, 100, 100, 100, 100, 100, 100, 100, 100),
(361, 361, 100, 100, 100, 100, 100, 100, 100, 100, 100, 100),
(362, 362, 75, 75, 75, 75, 75, 75, 75, 75, 75, 75),
(363, 363, 75, 75, 75, 75, 75, 75, 75, 75, 75, 75),
(364, 364, 75, 75, 75, 75, 75, 75, 75, 75, 75, 75),
(365, 365, 75, 75, 75, 75, 75, 75, 75, 75, 75, 75),
(366, 366, 75, 75, 75, 75, 75, 75, 75, 75, 75, 75),
(367, 367, 75, 75, 75, 75, 75, 75, 75, 75, 75, 75),
(368, 368, 75, 75, 75, 75, 75, 75, 75, 75, 75, 75),
(369, 369, 0, 0, 0, 0, 0, 0, 0, 0, 0, 0),
(370, 370, 0, 0, 0, 0, 0, 0, 0, 0, 0, 0),
(371, 371, 0, 0, 0, 0, 0, 0, 0, 0, 0, 0),
(372, 372, 0, 0, 0, 0, 0, 0, 0, 0, 0, 0),
(373, 373, 0, 0, 0, 0, 0, 0, 0, 0, 0, 0),
(374, 374, 0, 0, 0, 0, 0, 0, 0, 0, 0, 0),
(375, 375, 75, 75, 75, 75, 75, 75, 75, 75, 75, 75),
(376, 376, 75, 75, 75, 75, 75, 75, 75, 75, 75, 75),
(377, 377, 25, 25, 25, 25, 25, 25, 25, 25, 25, 25),
(378, 378, 0, 0, 0, 0, 0, 0, 0, 0, 0, 0),
(379, 379, 0, 0, 0, 0, 0, 0, 0, 0, 0, 0),
(380, 380, 25, 25, 25, 25, 25, 25, 25, 25, 25, 25),
(381, 381, 75, 75, 75, 75, 75, 75, 75, 75, 75, 75),
(382, 382, 75, 75, 75, 75, 75, 75, 75, 75, 75, 75),
(383, 383, 75, 75, 75, 75, 75, 75, 75, 75, 75, 75),
(384, 384, 0, 0, 0, 0, 0, 0, 0, 0, 0, 0),
(385, 385, 75, 75, 75, 75, 75, 75, 75, 75, 75, 75),
(386, 386, 0, 0, 0, 0, 0, 0, 0, 0, 0, 0),
(387, 387, 0, 0, 0, 0, 0, 0, 0, 0, 0, 0),
(388, 388, 75, 75, 75, 75, 75, 75, 75, 75, 75, 75),
(389, 389, 100, 100, 100, 100, 100, 100, 100, 100, 100, 100),
(390, 390, 100, 100, 100, 100, 100, 100, 100, 100, 100, 100),
(391, 391, 100, 100, 100, 100, 100, 100, 100, 100, 100, 100),
(392, 392, 100, 100, 100, 100, 100, 100, 100, 100, 100, 100),
(393, 393, 100, 100, 100, 100, 100, 100, 100, 100, 100, 100),
(394, 394, 0, 0, 0, 0, 0, 0, 0, 0, 0, 0),
(395, 395, 0, 0, 0, 0, 0, 0, 0, 0, 0, 0),
(396, 396, 0, 0, 0, 0, 0, 0, 0, 0, 0, 0),
(397, 397, 0, 0, 0, 0, 0, 0, 0, 0, 0, 0),
(398, 398, 0, 0, 0, 0, 0, 0, 0, 0, 0, 0),
(399, 399, 0, 0, 0, 0, 0, 0, 0, 0, 0, 0),
(400, 400, 0, 0, 0, 0, 0, 0, 0, 0, 0, 0),
(401, 401, 0, 0, 0, 0, 0, 0, 0, 0, 0, 0),
(402, 402, 0, 0, 0, 0, 0, 0, 0, 0, 0, 0),
(403, 403, 0, 0, 0, 0, 0, 0, 0, 0, 0, 0),
(404, 404, 0, 0, 0, 0, 0, 0, 0, 0, 0, 0),
(405, 405, 0, 0, 0, 0, 0, 0, 0, 0, 0, 0),
(406, 406, 0, 0, 0, 0, 0, 0, 0, 0, 0, 0),
(407, 407, 0, 0, 0, 0, 0, 0, 0, 0, 0, 0),
(408, 408, 0, 0, 0, 0, 0, 0, 0, 0, 0, 0),
(409, 409, 0, 0, 0, 0, 0, 0, 0, 0, 0, 0),
(410, 410, 0, 0, 0, 0, 0, 0, 0, 0, 0, 0),
(411, 411, 0, 0, 0, 0, 0, 0, 0, 0, 0, 0),
(412, 412, 0, 0, 0, 0, 0, 0, 0, 0, 0, 0),
(413, 413, 0, 0, 0, 0, 0, 0, 0, 0, 0, 0),
(414, 414, 0, 0, 0, 0, 0, 0, 0, 0, 0, 0),
(415, 415, 0, 0, 0, 0, 0, 0, 0, 0, 0, 0),
(416, 416, 0, 0, 0, 0, 0, 0, 0, 0, 0, 0),
(417, 417, 0, 0, 0, 0, 0, 0, 0, 0, 0, 0),
(418, 418, 0, 0, 0, 0, 0, 0, 0, 0, 0, 0),
(419, 419, 0, 0, 0, 0, 0, 0, 0, 0, 0, 0),
(420, 420, 0, 0, 0, 0, 0, 0, 0, 0, 0, 0),
(421, 421, 0, 0, 0, 0, 0, 0, 0, 0, 0, 0),
(422, 422, 0, 0, 0, 0, 0, 0, 0, 0, 0, 0),
(423, 423, 0, 0, 0, 0, 0, 0, 0, 0, 0, 0),
(424, 424, 0, 0, 0, 0, 0, 0, 0, 0, 0, 0),
(425, 425, 0, 0, 0, 0, 0, 0, 0, 0, 0, 0),
(426, 426, 0, 0, 0, 0, 0, 0, 0, 0, 0, 0),
(427, 427, 0, 0, 0, 0, 0, 0, 0, 0, 0, 0),
(428, 428, 0, 0, 0, 0, 0, 0, 0, 0, 0, 0),
(429, 429, 0, 0, 0, 0, 0, 0, 0, 0, 0, 0),
(430, 430, 0, 0, 0, 0, 0, 0, 0, 0, 0, 0),
(431, 431, 0, 0, 0, 0, 0, 0, 0, 0, 0, 0),
(432, 432, 0, 0, 0, 0, 0, 0, 0, 0, 0, 0),
(433, 433, 0, 0, 0, 0, 0, 0, 0, 0, 0, 0),
(434, 434, 0, 0, 0, 0, 0, 0, 0, 0, 0, 0),
(435, 436, 0, 0, 0, 0, 0, 0, 0, 0, 0, 0),
(436, 435, 0, 0, 0, 0, 0, 0, 0, 0, 0, 0),
(437, 437, 0, 0, 0, 0, 0, 0, 0, 0, 0, 0),
(438, 438, 0, 0, 0, 0, 0, 0, 0, 0, 0, 0),
(439, 439, 0, 0, 0, 0, 0, 0, 0, 0, 0, 0),
(440, 441, 0, 0, 0, 0, 0, 0, 0, 0, 0, 0),
(441, 440, 0, 0, 0, 0, 0, 0, 0, 0, 0, 0),
(442, 442, 0, 0, 0, 0, 0, 0, 0, 0, 0, 0),
(443, 443, 0, 0, 0, 0, 0, 0, 0, 0, 0, 0),
(444, 444, 0, 0, 0, 0, 0, 0, 0, 0, 0, 0),
(445, 445, 0, 0, 0, 0, 0, 0, 0, 0, 0, 0),
(446, 446, 0, 0, 0, 0, 0, 0, 0, 0, 0, 0),
(447, 447, 0, 0, 0, 0, 0, 0, 0, 0, 0, 0),
(448, 448, 0, 0, 0, 0, 0, 0, 0, 0, 0, 0),
(449, 449, 0, 0, 0, 0, 0, 0, 0, 0, 0, 0),
(450, 450, 0, 0, 0, 0, 0, 0, 0, 0, 0, 0),
(451, 451, 0, 0, 0, 0, 0, 0, 0, 0, 0, 0),
(452, 452, 0, 0, 0, 0, 0, 0, 0, 0, 0, 0),
(453, 453, 0, 0, 0, 0, 0, 0, 0, 0, 0, 0),
(454, 454, 0, 0, 0, 0, 0, 0, 0, 0, 0, 0),
(455, 455, 0, 0, 0, 0, 0, 0, 0, 0, 0, 0),
(456, 456, 0, 0, 0, 0, 0, 0, 0, 0, 0, 0),
(457, 457, 0, 0, 0, 0, 0, 0, 0, 0, 0, 0),
(458, 458, 0, 0, 0, 0, 0, 0, 0, 0, 0, 0),
(459, 459, 0, 0, 0, 0, 0, 0, 0, 0, 0, 0),
(460, 460, 0, 0, 0, 0, 0, 0, 0, 0, 0, 0),
(461, 461, 0, 0, 0, 0, 0, 0, 0, 0, 0, 0),
(462, 462, 0, 0, 0, 0, 0, 0, 0, 0, 0, 0),
(463, 463, 0, 0, 0, 0, 0, 0, 0, 0, 0, 0),
(464, 464, 100, 100, 100, 100, 100, 100, 100, 100, 100, 100),
(465, 465, 100, 100, 100, 100, 100, 100, 100, 100, 100, 100),
(466, 466, 0, 0, 0, 0, 0, 0, 0, 0, 0, 0),
(467, 467, 0, 0, 0, 0, 0, 0, 0, 0, 0, 0),
(468, 468, 75, 75, 75, 75, 75, 75, 75, 75, 75, 75),
(469, 469, 75, 75, 75, 75, 75, 75, 75, 75, 75, 75),
(470, 470, 75, 75, 75, 75, 75, 75, 75, 75, 75, 75),
(471, 471, 75, 75, 75, 75, 75, 75, 75, 75, 75, 75),
(472, 472, 75, 75, 75, 75, 75, 75, 75, 75, 75, 75),
(473, 473, 75, 75, 75, 75, 75, 75, 75, 75, 75, 75),
(474, 474, 75, 75, 75, 75, 75, 75, 75, 75, 75, 75),
(475, 475, 100, 100, 100, 100, 100, 100, 100, 100, 100, 100),
(476, 476, 75, 75, 75, 75, 75, 75, 75, 75, 75, 75),
(477, 477, 25, 25, 25, 25, 25, 25, 25, 25, 25, 25),
(478, 478, 100, 100, 100, 100, 100, 100, 100, 100, 100, 100),
(479, 479, 25, 25, 25, 25, 25, 25, 25, 25, 25, 25),
(480, 480, 0, 0, 0, 0, 0, 0, 0, 0, 0, 0),
(481, 481, 0, 0, 0, 0, 0, 0, 0, 0, 0, 0),
(482, 482, 100, 100, 100, 100, 100, 100, 100, 100, 100, 100),
(483, 483, 100, 100, 100, 100, 100, 100, 100, 100, 100, 100),
(484, 484, 100, 100, 100, 100, 100, 100, 100, 100, 100, 100),
(485, 485, 100, 100, 100, 100, 100, 100, 100, 100, 100, 100),
(486, 486, 0, 0, 0, 0, 0, 0, 0, 0, 0, 0),
(487, 487, 0, 0, 0, 0, 0, 0, 0, 0, 0, 0),
(488, 488, 0, 0, 0, 0, 0, 0, 0, 0, 0, 0),
(489, 489, 0, 0, 0, 0, 0, 0, 0, 0, 0, 0),
(490, 490, 0, 0, 0, 0, 0, 0, 0, 0, 0, 0),
(491, 491, 0, 0, 0, 0, 0, 0, 0, 0, 0, 0),
(492, 492, 0, 0, 0, 0, 0, 0, 0, 0, 0, 0),
(493, 493, 0, 0, 0, 0, 0, 0, 0, 0, 0, 0),
(494, 494, 0, 0, 0, 0, 0, 0, 0, 0, 0, 0),
(495, 495, 100, 100, 100, 100, 100, 100, 100, 100, 100, 100),
(496, 496, 100, 100, 100, 100, 100, 100, 100, 100, 100, 100),
(497, 497, 100, 100, 100, 100, 100, 100, 100, 100, 100, 100),
(498, 498, 100, 100, 100, 100, 100, 100, 100, 100, 100, 100),
(499, 499, 100, 100, 100, 100, 100, 100, 100, 100, 100, 100),
(500, 500, 100, 100, 100, 100, 100, 100, 100, 100, 100, 100),
(501, 501, 75, 75, 75, 75, 75, 75, 75, 75, 75, 75),
(502, 502, 75, 75, 75, 75, 75, 75, 75, 75, 75, 75),
(503, 503, 75, 75, 75, 75, 75, 75, 75, 75, 75, 75),
(504, 504, 100, 100, 100, 100, 100, 100, 100, 100, 100, 100),
(505, 505, 75, 75, 75, 75, 75, 75, 75, 75, 75, 75),
(506, 506, 75, 75, 75, 75, 75, 75, 75, 75, 75, 75),
(507, 507, 75, 75, 75, 75, 75, 75, 75, 75, 75, 75),
(508, 508, 100, 100, 100, 100, 100, 100, 100, 100, 100, 100);

-- --------------------------------------------------------

--
-- Struktur dari tabel `survey`
--

CREATE TABLE `survey` (
  `id_survey` int(11) NOT NULL,
  `id_kategori` int(11) NOT NULL,
  `id_mesin` int(11) NOT NULL,
  `waktu` timestamp NOT NULL DEFAULT CURRENT_TIMESTAMP
) ENGINE=InnoDB DEFAULT CHARSET=utf8;

--
-- Dumping data untuk tabel `survey`
--

INSERT INTO `survey` (`id_survey`, `id_kategori`, `id_mesin`, `waktu`) VALUES
(66, 2, 1, '2019-09-18 09:08:48'),
(67, 1, 1, '2019-09-18 09:09:40'),
(68, 3, 1, '2019-09-18 09:10:27'),
(69, 2, 1, '2019-09-18 09:11:55'),
(70, 1, 1, '2019-09-18 09:12:33'),
(71, 3, 1, '2019-09-18 09:13:10'),
(72, 2, 1, '2019-09-18 09:18:34'),
(73, 1, 1, '2019-09-18 09:19:12'),
(74, 3, 1, '2019-09-18 09:19:54'),
(75, 2, 1, '2019-09-18 09:20:36'),
(76, 1, 1, '2019-09-18 09:21:17'),
(77, 3, 1, '2019-09-18 09:21:44'),
(78, 2, 1, '2019-09-18 09:23:33'),
(79, 1, 1, '2019-09-18 09:24:16'),
(80, 3, 1, '2019-09-18 09:24:56'),
(81, 2, 1, '2019-09-18 09:25:22'),
(82, 1, 1, '2019-09-18 09:25:46'),
(83, 3, 1, '2019-09-18 09:26:09'),
(84, 2, 1, '2019-09-18 09:26:31'),
(85, 1, 1, '2019-09-18 09:26:44'),
(86, 3, 1, '2019-09-18 09:26:56'),
(87, 2, 1, '2019-09-18 09:29:04'),
(88, 1, 1, '2019-09-18 09:29:44'),
(89, 3, 1, '2019-09-18 09:30:29'),
(90, 2, 1, '2019-09-18 09:31:15'),
(91, 1, 1, '2019-09-18 09:31:58'),
(92, 3, 1, '2019-09-18 09:32:42'),
(93, 10, 1, '2019-09-18 09:33:47'),
(94, 10, 1, '2019-09-18 09:33:47'),
(95, 10, 1, '2019-09-18 09:33:49'),
(96, 10, 1, '2019-09-18 09:33:49'),
(97, 10, 1, '2019-09-18 09:33:50'),
(98, 10, 1, '2019-09-18 09:33:50'),
(99, 2, 1, '2019-09-18 09:34:33'),
(100, 1, 1, '2019-09-18 09:35:13'),
(101, 3, 1, '2019-09-18 09:35:45'),
(102, 2, 1, '2019-09-18 09:36:38'),
(103, 1, 1, '2019-09-18 09:36:57'),
(104, 3, 1, '2019-09-18 09:37:13'),
(105, 2, 1, '2019-09-18 09:38:05'),
(106, 1, 1, '2019-09-18 09:38:29'),
(107, 2, 1, '2019-09-18 09:39:28'),
(108, 1, 1, '2019-09-18 09:40:09'),
(109, 3, 1, '2019-09-18 09:40:35'),
(110, 2, 1, '2019-09-18 10:01:21'),
(111, 10, 1, '2019-09-18 10:02:03'),
(115, 2, 1, '2019-09-20 02:18:33'),
(116, 10, 1, '2019-09-20 02:19:15'),
(117, 10, 1, '2019-09-20 02:19:15'),
(118, 2, 1, '2019-09-20 02:19:52'),
(119, 2, 1, '2019-09-20 02:21:06'),
(120, 2, 1, '2019-09-20 02:22:27'),
(121, 10, 1, '2019-09-20 02:28:53'),
(122, 10, 1, '2019-09-20 02:28:53'),
(123, 10, 1, '2019-09-20 02:42:27'),
(124, 10, 1, '2019-09-20 02:42:27'),
(125, 2, 1, '2019-09-20 02:43:14'),
(126, 1, 1, '2019-09-20 02:43:34'),
(127, 3, 1, '2019-09-20 02:43:53'),
(128, 3, 1, '2019-09-20 02:45:23'),
(129, 10, 1, '2019-09-20 02:48:20'),
(130, 10, 1, '2019-09-20 02:48:20'),
(131, 10, 1, '2019-09-20 02:49:01'),
(132, 10, 1, '2019-09-20 02:49:01'),
(133, 10, 1, '2019-09-20 02:49:05'),
(134, 10, 1, '2019-09-20 02:49:05'),
(135, 10, 1, '2019-09-20 02:49:06'),
(136, 10, 1, '2019-09-20 02:49:06'),
(137, 1, 1, '2019-09-20 02:50:45'),
(138, 10, 1, '2019-09-20 02:50:55'),
(139, 10, 1, '2019-09-20 02:50:55'),
(140, 10, 1, '2019-09-20 02:50:56'),
(141, 10, 1, '2019-09-20 02:50:56'),
(142, 2, 1, '2019-09-20 02:51:17'),
(143, 3, 1, '2019-09-20 02:51:40'),
(144, 2, 1, '2019-09-20 02:53:32'),
(145, 3, 1, '2019-09-20 02:53:55'),
(146, 1, 1, '2019-09-20 02:54:12'),
(147, 10, 1, '2019-09-20 02:54:21'),
(148, 10, 1, '2019-09-20 02:54:21'),
(149, 10, 1, '2019-09-20 02:54:23'),
(150, 10, 1, '2019-09-20 02:54:23'),
(151, 10, 1, '2019-09-20 02:54:23'),
(152, 10, 1, '2019-09-20 02:54:23'),
(153, 10, 1, '2019-09-20 02:54:24'),
(154, 10, 1, '2019-09-20 02:54:24'),
(155, 10, 1, '2019-09-20 02:54:25'),
(156, 10, 1, '2019-09-20 02:54:25'),
(157, 2, 1, '2019-09-20 02:54:52'),
(158, 2, 1, '2019-09-20 02:59:35'),
(159, 1, 1, '2019-09-20 03:00:18'),
(160, 3, 1, '2019-09-20 03:00:45'),
(161, 10, 1, '2019-09-20 03:06:27'),
(162, 10, 1, '2019-09-20 03:06:27'),
(163, 10, 1, '2019-09-20 03:06:55'),
(164, 10, 1, '2019-09-20 03:06:55'),
(165, 10, 1, '2019-09-20 03:06:58'),
(166, 10, 1, '2019-09-20 03:06:58'),
(167, 2, 1, '2019-09-20 03:07:02'),
(168, 1, 1, '2019-09-20 03:07:21'),
(169, 3, 1, '2019-09-20 03:07:43'),
(170, 10, 1, '2019-09-20 03:07:54'),
(171, 10, 1, '2019-09-20 03:07:54'),
(172, 10, 1, '2019-09-20 03:07:54'),
(173, 10, 1, '2019-09-20 03:07:54'),
(174, 2, 1, '2019-09-20 03:18:50'),
(175, 2, 1, '2019-09-20 03:20:49'),
(176, 10, 1, '2019-09-20 03:22:48'),
(177, 10, 1, '2019-09-20 03:22:49'),
(178, 10, 1, '2019-09-20 03:22:54'),
(179, 10, 1, '2019-09-20 03:22:54'),
(180, 10, 1, '2019-09-20 03:22:55'),
(181, 10, 1, '2019-09-20 03:22:55'),
(182, 10, 1, '2019-09-20 03:22:56'),
(183, 10, 1, '2019-09-20 03:22:56'),
(184, 10, 1, '2019-09-20 03:27:40'),
(185, 10, 1, '2019-09-20 03:27:40'),
(186, 10, 1, '2019-09-20 03:27:43'),
(187, 10, 1, '2019-09-20 03:27:43'),
(188, 10, 1, '2019-09-20 03:27:47'),
(189, 10, 1, '2019-09-20 03:27:47'),
(190, 10, 1, '2019-09-20 03:27:47'),
(191, 10, 1, '2019-09-20 03:27:47'),
(192, 10, 1, '2019-09-20 03:27:47'),
(193, 10, 1, '2019-09-20 03:27:47'),
(194, 2, 1, '2019-09-20 03:28:55'),
(195, 3, 1, '2019-09-20 03:29:09'),
(196, 1, 1, '2019-09-20 03:29:34'),
(197, 3, 1, '2019-09-20 03:30:15'),
(198, 10, 1, '2019-09-20 03:30:46'),
(199, 10, 1, '2019-09-20 03:30:46'),
(200, 10, 1, '2019-09-20 03:30:49'),
(201, 10, 1, '2019-09-20 03:30:49'),
(202, 3, 1, '2019-09-20 03:31:14'),
(203, 10, 1, '2019-09-20 03:38:53'),
(204, 10, 1, '2019-09-20 03:38:53'),
(205, 2, 1, '2019-09-20 03:40:14'),
(206, 10, 1, '2019-09-20 03:40:54'),
(207, 10, 1, '2019-09-20 03:40:54'),
(208, 10, 1, '2019-09-20 03:40:56'),
(209, 10, 1, '2019-09-20 03:40:56'),
(210, 10, 1, '2019-09-20 03:40:56'),
(211, 10, 1, '2019-09-20 03:40:56'),
(212, 10, 1, '2019-09-20 03:44:53'),
(213, 10, 1, '2019-09-20 03:44:53'),
(214, 10, 1, '2019-09-20 03:44:57'),
(215, 10, 1, '2019-09-20 03:44:57'),
(216, 10, 1, '2019-09-20 03:44:59'),
(217, 10, 1, '2019-09-20 03:44:59'),
(218, 10, 1, '2019-09-20 03:45:00'),
(219, 10, 1, '2019-09-20 03:45:00'),
(220, 10, 1, '2019-09-20 03:45:01'),
(221, 10, 1, '2019-09-20 03:45:01'),
(222, 10, 1, '2019-09-20 03:45:02'),
(223, 10, 1, '2019-09-20 03:45:02'),
(224, 10, 1, '2019-09-20 03:45:02'),
(225, 10, 1, '2019-09-20 03:45:03'),
(226, 10, 1, '2019-09-20 03:45:04'),
(227, 10, 1, '2019-09-20 03:45:04'),
(228, 10, 1, '2019-09-20 03:45:04'),
(229, 10, 1, '2019-09-20 03:45:04'),
(230, 10, 1, '2019-09-20 03:45:05'),
(231, 10, 1, '2019-09-20 03:45:05'),
(232, 10, 1, '2019-09-20 03:45:05'),
(233, 10, 1, '2019-09-20 03:45:05'),
(234, 10, 1, '2019-09-20 03:45:06'),
(235, 10, 1, '2019-09-20 03:45:06'),
(236, 10, 1, '2019-09-20 03:45:06'),
(237, 10, 1, '2019-09-20 03:45:06'),
(238, 10, 1, '2019-09-20 03:45:07'),
(239, 10, 1, '2019-09-20 03:45:07'),
(240, 10, 1, '2019-09-20 03:45:07'),
(241, 10, 1, '2019-09-20 03:45:07'),
(242, 10, 1, '2019-09-20 05:21:17'),
(243, 10, 1, '2019-09-20 05:21:17'),
(244, 2, 1, '2019-09-20 05:35:58'),
(245, 10, 1, '2019-09-20 05:48:33'),
(246, 10, 1, '2019-09-20 05:48:33'),
(247, 2, 1, '2019-09-20 05:49:14'),
(248, 10, 1, '2019-09-20 05:59:43'),
(249, 10, 1, '2019-09-20 05:59:43'),
(250, 10, 1, '2019-09-20 05:59:45'),
(251, 10, 1, '2019-09-20 05:59:45'),
(252, 10, 1, '2019-09-20 05:59:45'),
(253, 10, 1, '2019-09-20 05:59:45'),
(254, 10, 1, '2019-09-20 05:59:45'),
(255, 10, 1, '2019-09-20 05:59:45'),
(256, 10, 1, '2019-09-20 05:59:46'),
(257, 10, 1, '2019-09-20 06:15:49'),
(258, 10, 1, '2019-09-20 06:15:49'),
(259, 10, 1, '2019-09-20 07:34:20'),
(260, 10, 1, '2019-09-20 07:34:20'),
(261, 10, 1, '2019-09-20 08:00:12'),
(262, 10, 1, '2019-09-20 09:54:50'),
(263, 10, 1, '2019-09-20 09:54:50'),
(264, 3, 1, '2019-09-20 09:55:16'),
(265, 10, 1, '2019-09-20 10:53:24'),
(266, 2, 1, '2019-09-20 14:57:26'),
(267, 2, 1, '2019-09-21 04:13:33'),
(268, 10, 1, '2019-09-21 04:16:09'),
(269, 3, 1, '2019-09-21 04:50:16'),
(270, 3, 1, '2019-09-21 04:50:26'),
(271, 10, 1, '2019-09-21 05:21:47'),
(272, 10, 1, '2019-09-21 05:21:47'),
(273, 10, 1, '2019-09-21 06:12:19'),
(274, 10, 1, '2019-09-21 06:12:19'),
(275, 10, 1, '2019-09-21 06:13:22'),
(276, 10, 1, '2019-09-21 06:13:22'),
(277, 10, 1, '2019-09-21 07:16:32'),
(278, 10, 1, '2019-09-21 07:16:32'),
(279, 10, 1, '2019-09-21 08:26:51'),
(280, 10, 1, '2019-09-21 08:26:51'),
(281, 10, 1, '2019-09-21 08:27:33'),
(282, 10, 1, '2019-09-21 08:27:33'),
(283, 10, 1, '2019-09-21 08:27:40'),
(284, 10, 1, '2019-09-21 08:27:40'),
(285, 10, 1, '2019-09-21 08:31:25'),
(286, 10, 1, '2019-09-21 08:31:25'),
(287, 10, 1, '2019-09-21 08:31:25'),
(288, 10, 1, '2019-09-21 08:31:26'),
(289, 10, 1, '2019-09-21 08:32:23'),
(290, 10, 1, '2019-09-23 05:19:14'),
(291, 10, 1, '2019-09-23 05:19:14'),
(292, 10, 1, '2019-09-23 06:30:10'),
(293, 10, 1, '2019-09-23 06:30:10'),
(294, 10, 1, '2019-09-23 06:30:10'),
(295, 10, 1, '2019-09-23 06:30:10'),
(296, 10, 1, '2019-09-23 06:30:14'),
(297, 10, 1, '2019-09-23 06:30:14'),
(298, 10, 1, '2019-09-23 07:49:52'),
(299, 10, 1, '2019-09-23 07:49:52'),
(300, 10, 1, '2019-09-23 07:49:53'),
(301, 10, 1, '2019-09-23 07:49:53'),
(302, 10, 1, '2019-09-23 07:49:56'),
(303, 10, 1, '2019-09-23 07:49:57'),
(304, 10, 1, '2019-09-23 08:05:27'),
(305, 10, 1, '2019-09-23 08:05:27'),
(306, 10, 1, '2019-09-23 08:05:28'),
(307, 10, 1, '2019-09-23 08:05:28'),
(308, 10, 1, '2019-09-23 08:05:28'),
(309, 10, 1, '2019-09-23 08:05:28'),
(310, 10, 1, '2019-09-23 08:05:28'),
(311, 10, 1, '2019-09-23 08:13:15'),
(312, 10, 1, '2019-09-23 08:13:15'),
(313, 10, 1, '2019-09-23 09:24:48'),
(314, 10, 1, '2019-09-23 09:24:49'),
(315, 10, 1, '2019-09-23 09:24:49'),
(316, 10, 1, '2019-09-23 09:24:52'),
(317, 10, 1, '2019-09-23 09:24:52'),
(318, 10, 1, '2019-09-23 09:24:53'),
(319, 10, 1, '2019-09-23 09:24:53'),
(320, 10, 1, '2019-09-23 09:24:53'),
(321, 10, 1, '2019-09-23 09:24:54'),
(322, 10, 1, '2019-09-23 09:24:54'),
(323, 10, 1, '2019-09-24 06:41:15'),
(324, 10, 1, '2019-09-24 06:41:15'),
(325, 10, 1, '2019-10-07 03:21:11'),
(326, 10, 1, '2019-10-07 03:21:11'),
(327, 10, 1, '2019-10-07 03:21:11'),
(328, 10, 1, '2019-10-07 03:21:12'),
(329, 10, 1, '2019-10-07 03:21:12'),
(330, 10, 1, '2019-10-07 03:21:12'),
(331, 10, 1, '2019-10-07 03:21:12'),
(332, 10, 1, '2019-10-07 03:21:14'),
(333, 10, 1, '2019-10-07 03:21:15'),
(334, 10, 1, '2019-10-07 03:21:15'),
(335, 10, 1, '2019-10-07 03:21:15'),
(336, 10, 1, '2019-10-07 03:21:15'),
(337, 10, 1, '2019-10-07 03:21:15'),
(338, 10, 1, '2019-10-07 03:21:15'),
(339, 10, 1, '2019-10-07 03:21:15'),
(340, 10, 1, '2019-10-07 03:21:15'),
(341, 10, 1, '2019-10-07 03:21:15'),
(342, 10, 1, '2019-10-07 03:21:15'),
(343, 10, 1, '2019-10-07 03:32:06'),
(344, 10, 1, '2019-10-07 03:32:06'),
(345, 10, 1, '2019-10-07 05:26:54'),
(346, 10, 1, '2019-10-07 05:42:55'),
(347, 10, 1, '2019-10-07 05:42:55'),
(348, 10, 1, '2019-10-07 06:04:49'),
(349, 10, 1, '2019-10-07 06:04:51'),
(350, 10, 1, '2019-10-07 06:34:44'),
(351, 10, 1, '2019-10-07 06:34:44'),
(352, 10, 1, '2019-10-07 06:34:44'),
(353, 10, 1, '2019-10-07 06:34:44'),
(354, 10, 1, '2019-10-07 06:34:44'),
(355, 10, 1, '2019-10-07 06:34:45'),
(356, 10, 1, '2019-10-07 06:34:45'),
(357, 10, 1, '2019-10-07 06:34:46'),
(358, 10, 1, '2019-10-07 06:34:46'),
(359, 10, 1, '2019-10-07 06:34:46'),
(360, 10, 1, '2019-10-07 06:34:46'),
(361, 10, 1, '2019-10-07 06:34:49'),
(362, 10, 1, '2019-10-07 06:34:50'),
(363, 10, 1, '2019-10-07 06:34:50'),
(364, 10, 1, '2019-10-07 06:34:50'),
(365, 10, 1, '2019-10-07 06:34:50'),
(366, 10, 1, '2019-10-07 06:34:50'),
(367, 10, 1, '2019-10-07 06:34:51'),
(368, 10, 1, '2019-10-07 06:34:55'),
(369, 10, 1, '2019-10-07 06:35:00'),
(370, 10, 1, '2019-10-07 06:35:00'),
(371, 10, 1, '2019-10-07 06:35:04'),
(372, 10, 1, '2019-10-07 06:35:04'),
(373, 10, 1, '2019-10-07 06:35:04'),
(374, 10, 1, '2019-10-07 06:35:04'),
(375, 10, 1, '2019-10-07 06:35:05'),
(376, 10, 1, '2019-10-07 06:35:06'),
(377, 10, 1, '2019-10-07 06:35:06'),
(378, 10, 1, '2019-10-07 06:35:06'),
(379, 10, 1, '2019-10-07 06:35:07'),
(380, 10, 1, '2019-10-07 06:35:08'),
(381, 10, 1, '2019-10-07 06:35:09'),
(382, 10, 1, '2019-10-07 06:35:09'),
(383, 10, 1, '2019-10-07 06:35:09'),
(384, 10, 1, '2019-10-07 06:35:11'),
(385, 10, 1, '2019-10-07 06:35:11'),
(386, 10, 1, '2019-10-07 06:35:11'),
(387, 10, 1, '2019-10-07 06:35:11'),
(388, 10, 1, '2019-10-07 06:35:13'),
(389, 10, 1, '2019-10-07 06:46:40'),
(390, 10, 1, '2019-10-07 06:46:41'),
(391, 10, 1, '2019-10-07 06:46:41'),
(392, 10, 1, '2019-10-07 06:46:41'),
(393, 10, 1, '2019-10-07 06:46:41'),
(394, 10, 1, '2019-10-07 06:59:26'),
(395, 10, 1, '2019-10-07 06:59:27'),
(396, 10, 1, '2019-10-07 06:59:27'),
(397, 10, 1, '2019-10-07 06:59:27'),
(398, 10, 1, '2019-10-07 06:59:28'),
(399, 10, 1, '2019-10-07 06:59:29'),
(400, 10, 1, '2019-10-07 06:59:29'),
(401, 10, 1, '2019-10-07 06:59:29'),
(402, 10, 1, '2019-10-07 06:59:29'),
(403, 10, 1, '2019-10-07 06:59:29'),
(404, 10, 1, '2019-10-07 06:59:29'),
(405, 10, 1, '2019-10-07 06:59:30'),
(406, 10, 1, '2019-10-07 06:59:30'),
(407, 10, 1, '2019-10-07 06:59:30'),
(408, 10, 1, '2019-10-07 06:59:31'),
(409, 10, 1, '2019-10-07 06:59:31'),
(410, 10, 1, '2019-10-07 06:59:31'),
(411, 10, 1, '2019-10-07 07:00:13'),
(412, 10, 1, '2019-10-07 07:00:13'),
(413, 10, 1, '2019-10-07 07:00:13'),
(414, 10, 1, '2019-10-07 07:00:14'),
(415, 10, 1, '2019-10-07 07:00:14'),
(416, 10, 1, '2019-10-07 07:00:14'),
(417, 10, 1, '2019-10-07 07:00:14'),
(418, 10, 1, '2019-10-07 07:00:14'),
(419, 10, 1, '2019-10-07 07:00:14'),
(420, 10, 1, '2019-10-07 07:00:14'),
(421, 10, 1, '2019-10-07 07:00:14'),
(422, 10, 1, '2019-10-07 07:00:14'),
(423, 10, 1, '2019-10-07 07:00:14'),
(424, 10, 1, '2019-10-07 07:00:15'),
(425, 10, 1, '2019-10-07 07:00:15'),
(426, 10, 1, '2019-10-07 07:00:15'),
(427, 10, 1, '2019-10-07 07:00:16'),
(428, 10, 1, '2019-10-07 07:00:16'),
(429, 10, 1, '2019-10-07 07:00:35'),
(430, 10, 1, '2019-10-07 07:01:23'),
(431, 10, 1, '2019-10-07 07:01:23'),
(432, 10, 1, '2019-10-07 07:01:23'),
(433, 10, 1, '2019-10-07 07:01:23'),
(434, 10, 1, '2019-10-07 07:01:23'),
(435, 10, 1, '2019-10-07 07:01:23'),
(436, 10, 1, '2019-10-07 07:01:23'),
(437, 10, 1, '2019-10-07 07:01:23'),
(438, 10, 1, '2019-10-07 07:01:23'),
(439, 10, 1, '2019-10-07 07:01:24'),
(440, 10, 1, '2019-10-07 07:01:24'),
(441, 10, 1, '2019-10-07 07:01:24'),
(442, 10, 1, '2019-10-07 07:01:24'),
(443, 10, 1, '2019-10-07 07:01:24'),
(444, 10, 1, '2019-10-07 07:01:24'),
(445, 10, 1, '2019-10-07 07:01:24'),
(446, 10, 1, '2019-10-07 07:01:24'),
(447, 10, 1, '2019-10-07 07:01:24'),
(448, 10, 1, '2019-10-07 07:01:24'),
(449, 10, 1, '2019-10-07 07:01:26'),
(450, 10, 1, '2019-10-07 07:06:20'),
(451, 10, 1, '2019-10-07 07:06:20'),
(452, 10, 1, '2019-10-07 07:06:20'),
(453, 10, 1, '2019-10-07 07:06:20'),
(454, 10, 1, '2019-10-07 07:06:20'),
(455, 10, 1, '2019-10-07 07:06:21'),
(456, 10, 1, '2019-10-07 07:06:21'),
(457, 10, 1, '2019-10-07 07:06:21'),
(458, 10, 1, '2019-10-07 07:06:22'),
(459, 10, 1, '2019-10-07 07:06:22'),
(460, 10, 1, '2019-10-07 07:06:22'),
(461, 10, 1, '2019-10-07 07:06:22'),
(462, 10, 1, '2019-10-07 07:06:22'),
(463, 10, 1, '2019-10-07 07:06:22'),
(464, 10, 1, '2019-10-09 03:53:22'),
(465, 10, 1, '2019-10-09 04:00:03'),
(466, 10, 1, '2019-10-09 05:03:25'),
(467, 10, 1, '2019-10-09 05:03:25'),
(468, 10, 1, '2019-10-09 05:15:25'),
(469, 10, 1, '2019-10-09 05:15:25'),
(470, 10, 1, '2019-10-09 05:19:31'),
(471, 10, 1, '2019-10-09 05:19:47'),
(472, 10, 1, '2019-10-09 05:19:48'),
(473, 10, 1, '2019-10-09 05:19:49'),
(474, 10, 1, '2019-10-09 05:19:49'),
(475, 10, 1, '2019-10-09 05:19:49'),
(476, 10, 1, '2019-10-09 05:19:51'),
(477, 10, 1, '2019-10-09 05:19:51'),
(478, 10, 1, '2019-10-09 05:19:52'),
(479, 10, 1, '2019-10-09 05:19:52'),
(480, 10, 1, '2019-10-09 05:20:05'),
(481, 10, 1, '2019-10-09 05:20:07'),
(482, 10, 1, '2019-10-09 05:52:57'),
(483, 10, 1, '2019-10-09 05:52:57'),
(484, 10, 1, '2019-10-09 05:52:59'),
(485, 10, 1, '2019-10-09 05:52:59'),
(486, 10, 1, '2019-10-09 06:50:02'),
(487, 10, 1, '2019-10-09 06:50:12'),
(488, 10, 1, '2019-10-09 06:50:12'),
(489, 10, 1, '2019-10-09 06:50:12'),
(490, 10, 1, '2019-10-09 06:50:12'),
(491, 10, 1, '2019-10-09 06:50:12'),
(492, 10, 1, '2019-10-09 06:50:12'),
(493, 10, 1, '2019-10-09 06:50:12'),
(494, 10, 1, '2019-10-09 06:50:12'),
(495, 10, 1, '2019-10-09 07:11:24'),
(496, 10, 1, '2019-10-09 07:11:25'),
(497, 10, 1, '2019-10-09 07:11:27'),
(498, 10, 1, '2019-10-09 07:11:27'),
(499, 10, 1, '2019-10-09 08:19:39'),
(500, 10, 1, '2019-10-09 08:19:40'),
(501, 10, 1, '2019-10-09 08:19:40'),
(502, 10, 1, '2019-10-09 08:19:41'),
(503, 10, 1, '2019-10-09 08:19:43'),
(504, 10, 1, '2019-10-09 08:19:43'),
(505, 10, 1, '2019-10-09 08:19:43'),
(506, 10, 1, '2019-10-09 08:19:43'),
(507, 10, 1, '2019-10-09 08:19:47'),
(508, 10, 1, '2019-10-09 08:19:47');

--
-- Indexes for dumped tables
--

--
-- Indexes for table `kategori`
--
ALTER TABLE `kategori`
  ADD PRIMARY KEY (`id_kategori`),
  ADD UNIQUE KEY `kategori` (`kategori`);

--
-- Indexes for table `pertanyaan`
--
ALTER TABLE `pertanyaan`
  ADD PRIMARY KEY (`id_pertanyaan`),
  ADD UNIQUE KEY `id_survey_2` (`id_survey`),
  ADD KEY `id_survey` (`id_survey`);

--
-- Indexes for table `survey`
--
ALTER TABLE `survey`
  ADD PRIMARY KEY (`id_survey`),
  ADD KEY `id_kategori` (`id_kategori`),
  ADD KEY `id_mesin` (`id_mesin`);

--
-- AUTO_INCREMENT for dumped tables
--

--
-- AUTO_INCREMENT for table `kategori`
--
ALTER TABLE `kategori`
  MODIFY `id_kategori` int(11) NOT NULL AUTO_INCREMENT, AUTO_INCREMENT=11;
--
-- AUTO_INCREMENT for table `pertanyaan`
--
ALTER TABLE `pertanyaan`
  MODIFY `id_pertanyaan` int(11) NOT NULL AUTO_INCREMENT, AUTO_INCREMENT=509;
--
-- AUTO_INCREMENT for table `survey`
--
ALTER TABLE `survey`
  MODIFY `id_survey` int(11) NOT NULL AUTO_INCREMENT, AUTO_INCREMENT=509;
/*!40101 SET CHARACTER_SET_CLIENT=@OLD_CHARACTER_SET_CLIENT */;
/*!40101 SET CHARACTER_SET_RESULTS=@OLD_CHARACTER_SET_RESULTS */;
/*!40101 SET COLLATION_CONNECTION=@OLD_COLLATION_CONNECTION */;
